mean_avg,se_avg,ci_lower,ci_upper
0.9984300868268607,0.03157313158812557,0.9365467489141346,1.060313424739587
