mean_avg,se_avg,ci_lower,ci_upper
0.9984300868268607,9.984300868268608e-4,0.99647316385668006,1.0003870097970413
