mean_avg,se_avg,ci_lower,ci_upper
0.998988345331841,0.03159078527211455,0.9370704061984965,1.0609062844651855
