mean_avg,se_avg,ci_lower,ci_upper
0.998988345331841,9.98988345331841e-4,0.9970303281749906,1.0009463624886914
