mean_avg,se_avg,ci_lower,ci_upper
0.998401585205773,0.03157223028772913,0.9365200138418239,1.0602831565697222
