mean_avg,se_avg,ci_lower,ci_upper
0.998401585205773,9.98401585205773e-4,0.9964447180987698,1.0003584523127764
