mean_avg,se_avg,ci_lower,ci_upper
0.9978721017505525,0.0315554865507104,0.9360233481111602,1.0597208553899449
