mean_avg,se_avg,ci_lower,ci_upper
0.9978721017505525,9.978721017505526e-4,0.9959162724311215,0.9998279310699836
