mean_avg,se_avg,ci_lower,ci_upper
0.9968699072946852,0.03152379437932106,0.9350832703112159,1.0586565442781544
