mean_avg,se_avg,ci_lower,ci_upper
0.9968699072946852,9.968699072946852e-4,0.9949160422763876,0.9988237723129827
