mean_avg,se_avg,ci_lower,ci_upper
0.9989973120385923,0.031591068824279,0.9370788171430054,1.060915806934179
