mean_avg,se_avg,ci_lower,ci_upper
0.9989973120385923,9.989973120385924e-4,0.9970392773069967,1.000955346770188
