mean_avg,se_avg,ci_lower,ci_upper
0.9974279672958675,0.03154144178606878,0.9356067413951726,1.0592491931965622
