mean_avg,se_avg,ci_lower,ci_upper
0.9974279672958675,9.974279672958675e-4,0.9954730084799676,0.9993829261117674
