mean_avg,se_avg,ci_lower,ci_upper
0.998858639788573,0.03158668362269579,0.9369487398880892,1.0607685396890567
