mean_avg,se_avg,ci_lower,ci_upper
0.998858639788573,9.98858639788573e-4,0.9969008768545874,1.0008164027225586
