mean_avg,se_avg,ci_lower,ci_upper
0.999557079040925,0.03160877021114276,0.9376038894270852,1.0615102686547648
