mean_avg,se_avg,ci_lower,ci_upper
0.999557079040925,9.99557079040925e-4,0.9975979471660047,1.001516210915845
