mean_avg,se_avg,ci_lower,ci_upper
0.998743581057583,0.03158304514614962,0.9368408125711297,1.0606463495440361
