mean_avg,se_avg,ci_lower,ci_upper
0.998743581057583,9.98743581057583e-4,0.9967860436387102,1.0007011184764558
